{
  "feature_names": [
    "freq_P",
    "freq_B",
    "freq_T",
    "streak_norm",
    "last_is_P",
    "last_is_B",
    "last_is_T",
    "depth"
  ],
  "coef": [
    [
      0.11881245044206133,
      0.11225570451855571,
      0.0676100757000494,
      -0.007893141699598073,
      0.09827507501076947,
      0.0982488519584422,
      0.10215430369145961,
      -0.004629880392771259
    ],
    [
      0.11319809779134518,
      0.11577424097015289,
      0.088710793523825,
      -0.008337782060533379,
      0.10332223558738153,
      0.10567446859698132,
      0.10868642810095491,
      -0.0010909840936950983
    ],
    [
      -0.2320105482334037,
      -0.22802994548871006,
      -0.1563208692238749,
      0.016230923760129204,
      -0.201597310598144,
      -0.20392332055542403,
      -0.21084073179242185,
      0.005720864486462585
    ]
  ],
  "intercept": [
    0.29870865091180887,
    0.3177154080358813,
    -0.6164240589671052
  ],
  "label_map": [
    "P",
    "B",
    "T"
  ]
}